sample	elapsed_s	uptime_s	pid	cpu_user	cpu_nice	cpu_system	cpu_idle	cpu_iowait	cpu_irq	cpu_softirq	cpu_steal	proc_utime	proc_stime	proc_vsize_bytes	proc_rss_pages	vmrss_kb	vmhwm_kb	voluntary_ctxt	nonvoluntary_ctxt	memfree_kb	memavailable_kb	cached_kb
0	0	690.10	258	12023	0	4087	49507	269	0	222	0	12515	3400	46567424	2659	10636	13432	588136	8115	1484	27728	26376
1	1	691.15	258	12026	0	4090	49603	269	0	222	0	12518	3401	46567424	2659	10636	13432	589099	8119	1484	27728	26376
2	2	692.20	258	12029	0	4095	49699	269	0	222	0	12518	3403	46567424	2659	10636	13432	590065	8125	1484	27728	26376
3	3	693.25	258	12032	0	4098	49795	269	0	222	0	12520	3405	46567424	2659	10636	13432	591034	8129	1484	27728	26376
4	4	694.30	258	12034	0	4104	49889	270	0	222	0	12520	3408	46567424	2659	10636	13432	591997	8134	1472	27732	26376
5	5	695.35	258	12037	0	4109	49985	270	0	222	0	12520	3411	46567424	2659	10636	13432	592963	8139	1472	27732	26376
6	6	696.40	258	12040	0	4113	50081	270	0	222	0	12521	3413	46567424	2659	10636	13432	593928	8143	1460	27724	26376
7	7	697.45	258	12044	0	4117	50176	270	0	222	0	12523	3414	46567424	2659	10636	13432	594890	8147	1464	27728	26376
8	8	698.50	258	12047	0	4120	50273	270	0	222	0	12524	3416	46567424	2659	10636	13432	595857	8150	1464	27728	26376
9	9	699.55	258	12048	0	4126	50369	270	0	222	0	12525	3418	46567424	2659	10636	13432	596825	8152	1452	27724	26376
10	10	700.60	258	12051	0	4129	50465	270	0	223	0	12527	3419	46567424	2659	10636	13432	597791	8158	1452	27724	26376
11	11	701.66	258	12055	0	4132	50560	270	0	223	0	12529	3420	46567424	2659	10636	13432	598757	8160	1452	27724	26376
12	12	702.70	258	12057	0	4136	50656	270	0	223	0	12530	3422	46567424	2659	10636	13432	599721	8162	1452	27728	26376
13	13	703.75	258	12060	0	4139	50752	270	0	223	0	12532	3423	46567424	2659	10636	13432	600684	8164	1452	27728	26376
14	14	704.80	258	12063	0	4143	50848	270	0	223	0	12533	3425	46567424	2659	10636	13432	601652	8167	1440	27724	26376
15	15	705.85	258	12067	0	4146	50944	270	0	223	0	12535	3426	46567424	2659	10636	13432	602620	8169	1440	27724	26376
16	16	706.91	258	12069	0	4151	51040	270	0	223	0	12536	3428	46567424	2659	10636	13432	603585	8175	1440	27724	26376
17	17	707.95	258	12072	0	4154	51136	270	0	223	0	12538	3429	46567424	2659	10636	13432	604551	8178	1440	27724	26376
18	18	709.01	258	12075	0	4157	51232	271	0	223	0	12540	3430	46567424	2659	10636	13432	605518	8179	1440	27724	26376
19	19	710.06	258	12077	0	4162	51327	271	0	223	0	12541	3432	46567424	2659	10636	13432	606484	8182	1428	27724	26376
20	20	711.11	258	12080	0	4167	51423	271	0	223	0	12541	3435	46567424	2659	10636	13432	607450	8188	1428	27724	26376
21	21	712.16	258	12083	0	4172	51519	271	0	223	0	12542	3437	46567424	2659	10636	13432	608418	8190	1428	27724	26376
22	22	713.21	258	12086	0	4175	51615	271	0	223	0	12544	3439	46567424	2659	10636	13432	609382	8193	1428	27724	26376
23	23	714.26	258	12088	0	4178	51711	271	0	223	0	12546	3439	46567424	2659	10636	13432	610347	8194	1428	27724	26376
24	24	715.31	258	12092	0	4182	51807	271	0	223	0	12548	3440	46567424	2659	10636	13432	611314	8196	1416	27724	26376
25	25	716.36	258	12096	0	4184	51903	271	0	223	0	12550	3442	46567424	2659	10636	13432	612279	8201	1416	27724	26376
26	26	717.41	258	12097	0	4190	51999	271	0	223	0	12551	3444	46567424	2659	10636	13432	613246	8204	1416	27724	26376
27	27	718.46	258	12100	0	4195	52095	271	0	223	0	12552	3446	46567424	2659	10636	13432	614210	8209	1416	27724	26376
28	28	719.51	258	12104	0	4198	52191	271	0	223	0	12553	3447	46567424	2659	10636	13432	615178	8212	1416	27724	26376
29	29	720.56	258	12107	0	4203	52282	275	0	224	0	12555	3449	46567424	2659	10636	13432	616142	8219	1372	27692	26376
30	30	721.61	258	12109	0	4208	52378	275	0	224	0	12555	3451	46567424	2659	10636	13432	617107	8226	1372	27692	26376
31	31	722.67	258	12112	0	4211	52474	275	0	224	0	12558	3452	46567424	2659	10636	13432	618075	8229	1372	27692	26376
32	32	723.72	258	12115	0	4216	52570	275	0	224	0	12559	3454	46567424	2659	10636	13432	619041	8233	1372	27692	26376
33	33	724.77	258	12119	0	4219	52666	275	0	224	0	12561	3455	46567424	2659	10636	13432	620009	8236	1372	27692	26376
34	34	725.82	258	12123	0	4223	52762	275	0	224	0	12562	3457	46567424	2659	10636	13432	620977	8241	1360	27692	26380
35	35	726.88	258	12126	0	4228	52857	276	0	224	0	12562	3460	46567424	2659	10636	13432	621937	8245	1360	27696	26380
36	36	727.93	258	12130	0	4232	52953	276	0	224	0	12563	3462	46567424	2659	10636	13432	622902	8250	1360	27696	26380
37	37	728.98	258	12132	0	4237	53049	276	0	224	0	12565	3463	46567424	2659	10636	13432	623870	8254	1360	27696	26380
38	38	730.03	258	12135	0	4241	53145	276	0	224	0	12566	3465	46567424	2659	10636	13432	624837	8256	1360	27696	26380
39	39	731.08	258	12137	0	4245	53241	276	0	224	0	12567	3467	46567424	2659	10636	13432	625806	8261	1348	27692	26380
40	40	732.13	258	12139	0	4250	53337	276	0	224	0	12569	3468	46567424	2659	10636	13432	626772	8264	1348	27692	26380
41	41	733.19	258	12142	0	4254	53433	276	0	224	0	12570	3471	46567424	2659	10636	13432	627739	8268	1348	27696	26380
42	42	734.24	258	12144	0	4258	53529	276	0	224	0	12571	3472	46567424	2659	10636	13432	628705	8270	1348	27696	26380
43	43	735.29	258	12147	0	4263	53624	276	0	224	0	12572	3474	46567424	2659	10636	13432	629668	8272	1348	27696	26380
44	44	736.34	258	12150	0	4268	53719	276	0	225	0	12573	3477	46567424	2659	10636	13432	630630	8277	1336	27692	26380
45	45	737.39	258	12153	0	4271	53815	276	0	225	0	12575	3478	46567424	2659	10636	13432	631593	8281	1336	27692	26380
46	46	738.44	258	12157	0	4274	53911	276	0	225	0	12577	3479	46567424	2659	10636	13432	632557	8284	1336	27692	26380
47	47	739.49	258	12158	0	4279	54006	277	0	225	0	12578	3481	46567424	2659	10636	13432	633523	8286	1336	27696	26380
48	48	740.54	258	12161	0	4284	54102	277	0	225	0	12579	3483	46567424	2659	10636	13432	634490	8289	1336	27696	26380
49	49	741.59	258	12163	0	4287	54198	277	0	225	0	12580	3484	46567424	2659	10636	13432	635455	8293	1324	27696	26380
50	50	742.64	258	12166	0	4290	54294	277	0	225	0	12582	3486	46567424	2659	10636	13432	636422	8296	1324	27696	26380
51	51	743.69	258	12168	0	4295	54390	277	0	225	0	12583	3488	46567424	2659	10636	13432	637386	8300	1324	27696	26380
52	52	744.74	258	12172	0	4300	54485	277	0	225	0	12583	3491	46567424	2659	10636	13432	638351	8303	1324	27696	26380
53	53	745.79	258	12175	0	4305	54580	277	0	225	0	12585	3492	46567424	2659	10636	13432	639318	8308	1324	27700	26380
54	54	746.84	258	12176	0	4309	54676	278	0	225	0	12586	3494	46567424	2659	10636	13432	640285	8310	1312	27696	26380
55	55	747.89	258	12177	0	4315	54772	278	0	225	0	12587	3496	46567424	2659	10636	13432	641249	8312	1312	27696	26380
56	56	748.94	258	12181	0	4318	54868	278	0	225	0	12589	3497	46567424	2659	10636	13432	642213	8318	1312	27696	26380
57	57	749.99	258	12185	0	4321	54964	278	0	225	0	12590	3499	46567424	2659	10636	13432	643180	8321	1312	27696	26380
58	58	751.04	258	12186	0	4328	55060	278	0	225	0	12590	3502	46567424	2659	10636	13432	644144	8328	1312	27696	26380
59	59	752.09	258	12188	0	4334	55154	279	0	225	0	12591	3504	46567424	2659	10636	13432	645106	8337	1300	27692	26380
